mean_fit_time,std_fit_time,mean_score_time,std_score_time,param_pca__n_components,params,split0_test_accuracy,split1_test_accuracy,split2_test_accuracy,split3_test_accuracy,split4_test_accuracy,mean_test_accuracy,std_test_accuracy,rank_test_accuracy,split0_test_precision,split1_test_precision,split2_test_precision,split3_test_precision,split4_test_precision,mean_test_precision,std_test_precision,rank_test_precision,split0_test_recall,split1_test_recall,split2_test_recall,split3_test_recall,split4_test_recall,mean_test_recall,std_test_recall,rank_test_recall,split0_test_f1,split1_test_f1,split2_test_f1,split3_test_f1,split4_test_f1,mean_test_f1,std_test_f1,rank_test_f1,split0_test_roc_auc,split1_test_roc_auc,split2_test_roc_auc,split3_test_roc_auc,split4_test_roc_auc,mean_test_roc_auc,std_test_roc_auc,rank_test_roc_auc
0.0441899299621582,0.011553133559827919,0.02117147445678711,0.003359342503236714,1,{'pca__n_components': 1},0.5654860325472109,0.5629242819843342,0.5631853785900783,0.5610095735422106,0.566579634464752,0.5638369802257172,0.001974505363844219,22,0.6171161605436398,0.6129711518214361,0.6124581939799331,0.6115948184327883,0.6153527829505483,0.6138986215456692,0.002035174834716812,22,0.47670603674540685,0.47760459392945037,0.4807219031993437,0.4725184577522559,0.487940935192781,0.4790983853638475,0.005139585387456153,22,0.5378991207774179,0.5368867576540022,0.5386524496736832,0.533135875601629,0.544289897510981,0.5381728202435426,0.0035985652250235265,22,0.6262289466770778,0.6194180951736523,0.6247020263802734,0.6222952464873059,0.6299619326678837,0.6245212494772386,0.0035650306240866455,22
0.04355697631835938,0.002464147693846009,0.021599769592285156,0.002674246625493909,2,{'pca__n_components': 2},0.6168305630493429,0.6121845082680591,0.6201044386422977,0.6154917319408181,0.6287206266318538,0.6186663737064744,0.005632391380540841,21,0.7009257061476383,0.6867167919799498,0.7005099675475197,0.6945024356297843,0.7108600415033434,0.698702988561647,0.007966343404324693,21,0.48441601049868765,0.4945036915504512,0.4958162428219852,0.4912223133716161,0.5058244462674323,0.4943565409020345,0.00696136140981708,21,0.5728974682316422,0.5749713849675696,0.5806513594005188,0.5754372477416875,0.5910659509202454,0.5790046822523328,0.00654947152951242,21,0.7061749876550417,0.7036015026218333,0.7065737196276747,0.7061625589883987,0.7154206679687768,0.707586687372345,0.004057094795010805,21
0.045665740966796875,0.0042793420663047475,0.026329708099365235,0.003135586705838996,3,{'pca__n_components': 3},0.696022974501784,0.7008703220191471,0.700609225413403,0.6991296779808529,0.7013054830287206,0.6995875365887815,0.0019264715861973592,20,0.6998311070167358,0.7022831050228311,0.7006802721088435,0.6983458646616542,0.7004365497516183,0.7003153797123366,0.0012754043371086578,20,0.7477034120734908,0.75701394585726,0.760459392945037,0.7619360131255127,0.7634126333059885,0.7581050794614578,0.005617370016690214,19,0.7229756523118408,0.7286221871298855,0.7293469708890638,0.7287563750490388,0.7305699481865285,0.7280542267132715,0.002630876329521387,19,0.7576566563041992,0.7638518635658302,0.7619687964960111,0.7613373668840822,0.7627705901538888,0.7615170546808023,0.0021053131695721538,20
0.050531005859375,0.005237180644913571,0.027354335784912108,0.005608068181875911,4,{'pca__n_components': 4},0.6955008267339657,0.7039164490861619,0.7036553524804178,0.7001740644038295,0.7019147084421236,0.7010322802292996,0.0030760731380900844,19,0.701161890007746,0.708082212950085,0.704967997561719,0.7007575757575758,0.7036924015868172,0.7037324155727885,0.0026797863646451443,19,0.7424540682414699,0.7517637407711238,0.7589827727645612,0.7588187038556193,0.7566858080393766,0.7537410187344301,0.00621667974287852,20,0.7212174328738746,0.7292694572656374,0.7309789049537805,0.7286333202048051,0.7292276069254486,0.7278653444447093,0.0034148518546403906,20,0.7597602250309535,0.7655640495977728,0.7649383068970526,0.7637264169950452,0.7649345054858165,0.7637847008013281,0.0020985110056599755,19
0.05330705642700195,0.005202651564421471,0.024903154373168944,0.004603132688358501,5,{'pca__n_components': 5},0.7139500478635454,0.7184508268059182,0.718798955613577,0.7143603133159269,0.7194952132288946,0.7170110713655725,0.0023595240929941965,18,0.7215649156018299,0.7218430034129693,0.721671826625387,0.7190468774334215,0.7217418159357628,0.7211736878018741,0.001067265364010082,18,0.7503280839895013,0.7634126333059885,0.7648892534864643,0.7575061525840853,0.7668580803937654,0.760598840751961,0.0060092647710074006,18,0.735665460394049,0.7420460888286421,0.7426523297491039,0.7377756471716204,0.7436162596452152,0.740351157157726,0.003079548303496928,18,0.7759357691213066,0.7813535000733672,0.7800352618906243,0.7825052364439775,0.7860789583524987,0.7811817451763549,0.0033044973738018887,18
0.05627808570861816,0.0028092669319048718,0.021921348571777344,0.002804346232174783,6,{'pca__n_components': 6},0.7142111217474545,0.7202785030461271,0.7219321148825065,0.7186248912097476,0.7238468233246301,0.7197786908420931,0.0032792019897462934,17,0.7219065656565656,0.724762053362459,0.7262796504369539,0.7230361596009975,0.7274283935242839,0.724682564516252,0.0020255072288233845,17,0.7503280839895013,0.7621000820344545,0.7635767022149302,0.7611156685808039,0.7666940114848236,0.7607629096609027,0.005547854594120426,17,0.7358429858429858,0.7429622520793346,0.7444613292809725,0.7415874030852849,0.7465452512181484,0.7422798443013453,0.0036147164455421618,17,0.7763973975854965,0.7860801748040942,0.7838738661340636,0.7857167294786518,0.7904607994671943,0.7845057934938999,0.004594617612088083,17
0.06039280891418457,0.0030627299683941593,0.025852155685424805,0.004801761124777426,7,{'pca__n_components': 7},0.7230876338003654,0.7295909486510008,0.7297650130548303,0.7260226283724979,0.7326370757180156,0.728220659919342,0.003315018737231969,16,0.7324505424377792,0.7352015113350125,0.7353589420654912,0.7311372549019608,0.7365784942870559,0.7341453490054599,0.0020213600560234175,11,0.7531167979002624,0.7662018047579984,0.7663658736669401,0.7647251845775226,0.7721082854799015,0.7645035892765251,0.006227223548932552,16,0.7426399223552248,0.7503816180605768,0.7505422993492408,0.7475541299117883,0.7539250240307593,0.7490085987415179,0.0037705218662491165,16,0.7896201553640364,0.7978553046032809,0.7986974236315489,0.7960192533876277,0.8024636490050565,0.79693115719831,0.004215792393173725,15
0.06577944755554199,0.004070299785569716,0.02432074546813965,0.006107910903104992,8,{'pca__n_components': 8},0.7242189539639718,0.7254134029590948,0.7293298520452568,0.7296779808529156,0.7333333333333333,0.7283947046309145,0.0032630171712611554,15,0.7317498020585906,0.7301910429063576,0.7332395686826066,0.7313109425785482,0.7344886275723348,0.7321959967596876,0.0015064825900239507,16,0.7580380577427821,0.765053322395406,0.769811320754717,0.7752255947497949,0.7788351107465136,0.7693926812778428,0.007363628507566598,15,0.7446619933929579,0.7472157679673103,0.7510805186489515,0.7526282255495381,0.7560121038381908,0.7503197218793899,0.003998890716162275,15,0.7888570180175578,0.795889701292708,0.7972811394502095,0.7971523780488269,0.8026225479947174,0.7963605569608039,0.004409348845284084,16
0.07622699737548828,0.007625490620903698,0.016993045806884766,0.0058591616592181,9,{'pca__n_components': 9},0.7249151509877295,0.7266318537859008,0.7317667536988686,0.7308964316797215,0.7348999129677981,0.7298220206240038,0.0036048819838271815,14,0.7310659738623839,0.7304212168486739,0.7348402182385035,0.7318918918918919,0.7369075369075369,0.733025367549798,0.0024605086266042864,15,0.7616469816272966,0.7681706316652994,0.7734208367514356,0.7775225594749795,0.7780147662018048,0.7717551551441633,0.0061683735124014915,14,0.7460432232666506,0.7488204718112755,0.7536370903277378,0.7540175019888624,0.756903431763767,0.7518843438316586,0.003906910003715066,14,0.7897392568456747,0.7959833680655606,0.7982665260651365,0.7980948847450127,0.8026471811395263,0.7969462433721821,0.004205496367117318,14
0.07908592224121094,0.007999757186089388,0.015777015686035158,0.0022601986665567834,10,{'pca__n_components': 10},0.7260464711513358,0.7291557876414273,0.7327241079199304,0.7317667536988686,0.7372497824194952,0.7313885805662115,0.0037364109153357754,13,0.7322722975102427,0.7319956447347955,0.7348555452003728,0.7320190974896041,0.7378595731518713,0.7338004316173773,0.0022958874312898232,14,0.7623031496062992,0.7721082854799015,0.7762100082034454,0.7798195242001641,0.7827727645611157,0.7746427464101852,0.007127996554986529,13,0.7469860151101109,0.7515170871925902,0.7549668874172185,0.7551636479186526,0.7596528938778759,0.7536573063032896,0.004219426552190587,13,0.7926772656951244,0.7990345023686594,0.8014539333582199,0.8014705987450782,0.8052082679173816,0.7999689136168927,0.00414614107666996,13
0.09177813529968262,0.005965548364420015,0.02251877784729004,0.0018419605349072165,11,{'pca__n_components': 11},0.728135062222609,0.7305483028720626,0.7322019147084421,0.7309834638816362,0.7378590078328982,0.7319455503035297,0.0032382845070352347,12,0.7332810047095761,0.7329501320490912,0.7346082089552238,0.7305095150399018,0.7389552007440707,0.7340608122995727,0.0027823768280743635,12,0.7662401574803149,0.7740771123872027,0.7752255947497949,0.7809680065627563,0.7821164889253487,0.7757254720210834,0.005679215160521926,9,0.7493983635488529,0.7529524417491222,0.7543705595912829,0.7548965189120609,0.759923481587757,0.7543082730778152,0.003400763724690392,12,0.7935698426656352,0.7994082875326637,0.800652230934212,0.8019462921414946,0.8067212600005627,0.8004595826549137,0.004243342083592815,11
0.09286379814147949,0.006370138730761971,0.02429060935974121,0.003595082751027282,12,{'pca__n_components': 12},0.7276129144547907,0.7309834638816362,0.7322019147084421,0.7312445604873803,0.7386422976501306,0.7321370302364759,0.0036032639457031636,11,0.7325909661229612,0.7332298136645963,0.7343895619757689,0.73035085031408,0.7391707920792079,0.7339463968313229,0.0029246996306984655,13,0.7662401574803149,0.7747333880229696,0.7757178014766202,0.7821164889253487,0.7839212469237079,0.7765458165657922,0.006254701893756501,7,0.74903784477229,0.7534104507379338,0.7544881512806192,0.7553478054191095,0.760888605780715,0.7546345715981335,0.00380696488014156,11,0.7935372167044922,0.7994070406697782,0.8005097236298004,0.8019778894716876,0.8066869560655697,0.8004237653082656,0.004245197990044611,12
0.08634843826293945,0.008169853966003273,0.023685789108276366,0.0057735148548997955,13,{'pca__n_components': 13},0.7257853972674266,0.7317667536988686,0.7331592689295039,0.7329852045256745,0.74029590948651,0.7327985067815967,0.004617884194652562,9,0.7325122374861834,0.7355746677091478,0.7351342959167831,0.7333127794049638,0.7407522055409379,0.7354572372116032,0.0028784194717758043,8,0.760990813648294,0.7717801476620181,0.7768662838392125,0.7804757998359311,0.785233798195242,0.7750693686361396,0.008304200334643427,10,0.7464800064365597,0.7532425940752602,0.7554243777919591,0.7561595930694643,0.7623446957629818,0.7547302534272451,0.005114376956885972,9,0.7943217600869864,0.8004282821954822,0.8008989577290673,0.8031435998300009,0.8074726621510969,0.8012530523985267,0.0042686334369610055,10
0.10535330772399902,0.005810035289902003,0.028589916229248048,0.01030281422324257,14,{'pca__n_components': 14},0.729353407014185,0.7299390774586597,0.7335073977371628,0.7321148825065275,0.7419495213228895,0.7333728572078849,0.004541070183793771,7,0.7362341772151899,0.7347771500313873,0.7355911138729222,0.732470334412082,0.7429369760943806,0.7364019503251924,0.0035068431688826864,7,0.7632874015748031,0.7681706316652994,0.7768662838392125,0.7798195242001641,0.785233798195242,0.7746755278949442,0.007933981060874165,12,0.7495167525773195,0.7511029116868533,0.7556654963293967,0.755403687221869,0.7635000398819495,0.7550377775394777,0.004860096514239698,8,0.7960090969571807,0.8018796610053517,0.8019601596896833,0.8047431120329112,0.8094958948560063,0.8028175849082266,0.004388117270516461,7
0.10943875312805176,0.009623430877890507,0.02532930374145508,0.003845950141021155,15,{'pca__n_components': 15},0.7284831607344878,0.7295039164490862,0.732550043516101,0.7314186248912098,0.7416884247171454,0.732728834061606,0.004699972647842191,10,0.7352941176470589,0.7335418295543393,0.7341183762008057,0.7316397228637413,0.7423655247248488,0.7353919141981587,0.0036814252667532322,9,0.7627952755905512,0.7696472518457752,0.7773584905660378,0.7796554552912223,0.7857260049220672,0.7750364956431308,0.007998543296878312,11,0.748792270531401,0.7511609287429944,0.7551199298748904,0.7548848292295472,0.7634305754822254,0.7546777067722117,0.004977092707415555,10,0.7958951341404382,0.801807829538638,0.8017180858221806,0.8047752263550321,0.8092470696821488,0.8026886691076875,0.004364318202269107,9
0.12958712577819825,0.009295658337456554,0.028967952728271483,0.006203312557811254,16,{'pca__n_components': 16},0.7288312592463667,0.7306353350739774,0.733420365535248,0.7317667536988686,0.7408181026979983,0.7330943632504917,0.004141155659645621,8,0.7347195967233774,0.7340823970037453,0.7350387596899225,0.7312356101304681,0.7412165299489243,0.7352585786992876,0.003268139671033655,10,0.7650918635170604,0.7717801476620181,0.777850697292863,0.7816242821985234,0.7857260049220672,0.7764145991185064,0.007288181331470731,8,0.749598199935712,0.752459409741662,0.7558389796731766,0.7555908009516257,0.7628225549538069,0.7552619890511967,0.004416698996815238,7,0.7959858969493966,0.8021116991471915,0.8015083391558283,0.804594522470522,0.8093528097370868,0.8027106534920051,0.00435186990935619,8
0.1567211627960205,0.008846092933274841,0.0255281925201416,0.006523902292359886,17,{'pca__n_components': 17},0.7385780175789749,0.7369016536118363,0.7404699738903394,0.7420365535248041,0.7434290687554395,0.7402830534722789,0.002338722995672194,6,0.7428526547282438,0.7390289449112979,0.7381790359602143,0.7404392566426048,0.7436890196685767,0.7408377823821876,0.0021302071698197866,6,0.775754593175853,0.779163248564397,0.7914684167350287,0.7909762100082034,0.7878589007383101,0.7850442738443585,0.006407249462135599,6,0.7589471994864387,0.7585656097755771,0.763895486935867,0.7648738695859115,0.7651370299553856,0.7622838391478359,0.002912207339522595,6,0.80541413078115,0.8104599327454325,0.8100836538556574,0.8132491041974423,0.8171548261576629,0.8112723295474689,0.0038704737600372477,6
0.1629012107849121,0.00580203376570019,0.026163387298583984,0.002889240384551853,18,{'pca__n_components': 18},0.7387520668349142,0.737597911227154,0.7420365535248041,0.7435161009573542,0.745691906005222,0.7415189077098896,0.00298999246404812,5,0.7431625275070732,0.7392790553138595,0.7391902215431627,0.74104134762634,0.7464657449122262,0.7418277793805325,0.0027336224118189294,5,0.7755905511811023,0.7806398687448729,0.7937653814602132,0.7939294503691551,0.7883511074651354,0.7864552718440958,0.00727676175530629,5,0.7590303419489485,0.7593966961934403,0.765506329113924,0.7665742574257426,0.7668368975422918,0.7634689044448694,0.003504894035356225,5,0.806060021430361,0.8119391987081284,0.8108965476343438,0.814090797467652,0.8178967703970421,0.8121766671275055,0.0038856641163281906,5
0.16017227172851561,0.01672825872861232,0.024655723571777345,0.0019256240105005637,19,{'pca__n_components': 19},0.7391871899747628,0.7374238468233246,0.7419495213228895,0.7455178416013926,0.7463881636205396,0.7420933126685819,0.0034768744427672326,4,0.7432114267775859,0.7393468118195956,0.7391503667481663,0.7427652733118971,0.7469337059462816,0.7422815169207053,0.0028690838520721504,4,0.776738845144357,0.7799835931091058,0.7936013125512715,0.7958982772764561,0.7893355209187859,0.7871115097999952,0.0075189150321433446,4,0.7596053581455041,0.759121756487026,0.7654086557480814,0.7684143830191668,0.7675494575622208,0.7640199221923998,0.003928813810170376,4,0.8068607713713729,0.8130458655471258,0.8116030323097146,0.814325983177995,0.8181216010631787,0.8127914506938774,0.003671929065325913,4
0.15320367813110353,0.009483079403030444,0.02545938491821289,0.003173069678464141,20,{'pca__n_components': 20},0.7398833869985206,0.7398607484769365,0.7426457789382072,0.7461270670147955,0.7494342906875544,0.7435902544232029,0.0037183408298079148,2,0.7426964536791126,0.7408498759305211,0.7391039317281317,0.7434129901960784,0.7492250464972101,0.7430576596062107,0.0034292758275087285,2,0.7798556430446194,0.7837571780147662,0.7957342083675144,0.7962264150943397,0.7931091058244463,0.7897365100691373,0.006676070688898758,2,0.7608225974233817,0.7616997528501953,0.7663743383108161,0.7689138873484909,0.7705427592253128,0.7656706670316394,0.0038476707759197834,2,0.8076104691327393,0.8132347804799054,0.8126421556738723,0.8154866604678321,0.8199801870446385,0.8137908505597975,0.004025158029826916,3
0.17851815223693848,0.012351777708389274,0.024773359298706055,0.00204119500798125,21,{'pca__n_components': 21},0.741275781046036,0.738207136640557,0.7418624891209747,0.7451697127937337,0.7489991296779809,0.7431028498558564,0.0036846362430957708,3,0.7439462583971255,0.7393394324701504,0.7382366377341252,0.7426819923371647,0.7491078355314197,0.742662431293997,0.0038424419388407654,3,0.7811679790026247,0.7822805578342904,0.7954060705496309,0.7950779327317473,0.7921246923707957,0.7892114464978178,0.006229135034738758,3,0.7621029046971273,0.7602040816326531,0.7657558047701785,0.7679873217115689,0.7700159489633174,0.7652132123549691,0.0036282715582013946,3,0.8079907303350288,0.813432058517404,0.8126201074887042,0.8157267728071369,0.8201394205584881,0.8139818179413523,0.00397518701351012,2
0.21705126762390137,0.017223401962004888,0.024225854873657228,0.0033892239381285135,22,{'pca__n_components': 22},0.7432773474893395,0.7402088772845953,0.7431679721496954,0.7463881636205396,0.7500435161009573,0.7446171753290255,0.0033439495763338016,1,0.7450155763239875,0.740265760197775,0.7388331814038286,0.7431585384497783,0.7488803088803089,0.7432306730511357,0.0035563495079248505,1,0.7846128608923885,0.7860541427399508,0.7978671041837572,0.7975389663658736,0.7955701394585726,0.7923286427281084,0.005783285713111324,1,0.7643016938318952,0.7624731439484363,0.7672162183481896,0.769389047166825,0.7715194908512331,0.7669799188293158,0.0032848549409408775,1,0.8095672362375,0.8141193840801457,0.8131381029893537,0.8172957216637105,0.8214885566117566,0.8151218003164933,0.004026278560939295,1
