mean_fit_time,std_fit_time,mean_score_time,std_score_time,param_max_depth,param_max_features,param_min_samples_split,param_n_estimators,param_store_probs,params,split0_test_accuracy,split1_test_accuracy,split2_test_accuracy,mean_test_accuracy,std_test_accuracy,rank_test_accuracy,split0_train_accuracy,split1_train_accuracy,split2_train_accuracy,mean_train_accuracy,std_train_accuracy,split0_test_precision,split1_test_precision,split2_test_precision,mean_test_precision,std_test_precision,rank_test_precision,split0_train_precision,split1_train_precision,split2_train_precision,mean_train_precision,std_train_precision,split0_test_recall,split1_test_recall,split2_test_recall,mean_test_recall,std_test_recall,rank_test_recall,split0_train_recall,split1_train_recall,split2_train_recall,mean_train_recall,std_train_recall,split0_test_f1,split1_test_f1,split2_test_f1,mean_test_f1,std_test_f1,rank_test_f1,split0_train_f1,split1_train_f1,split2_train_f1,mean_train_f1,std_train_f1,split0_test_roc_auc,split1_test_roc_auc,split2_test_roc_auc,mean_test_roc_auc,std_test_roc_auc,rank_test_roc_auc,split0_train_roc_auc,split1_train_roc_auc,split2_train_roc_auc,mean_train_roc_auc,std_train_roc_auc
33.65579080581665,1.3088395176958323,11.753159523010254,1.0670579120850097,5,sqrt,2,50,True,"{'max_depth': 5, 'max_features': 'sqrt', 'min_samples_split': 2, 'n_estimators': 50, 'store_probs': True}",0.7292797302281468,0.7327045682069656,0.7351670355148067,0.7323837779833063,0.002414162471787357,19,0.7315646652791317,0.7326184893432042,0.7350492649770799,0.7330774731998053,0.0014591340809307699,0.7136126102972672,0.7140695915279879,0.7163801378828868,0.7146874465693807,0.0012113658608975746,20,0.7153975872356986,0.710334051269057,0.721546387289493,0.7157593419314162,0.004584558837641643,0.822716049382716,0.8356447329595751,0.8221331997996996,0.8268313273806635,0.0062365597799266025,13,0.821010321556173,0.836399801093983,0.821358170707668,0.8262560977859413,0.007174087043391217,0.7642903018625562,0.7700883752549286,0.7656220854318224,0.7666669208497691,0.002479673977734562,18,0.7645740428383281,0.7682294640206444,0.7682238252172109,0.7670091106920611,0.0017218545308744042,,,,,,1,,,,,
34.340776205062866,0.6386775172695675,10.887439092000326,0.7270845763956757,5,sqrt,2,50,False,"{'max_depth': 5, 'max_features': 'sqrt', 'min_samples_split': 2, 'n_estimators': 50, 'store_probs': False}",0.7272775172559144,0.7315980820907318,0.7283696912214143,0.7290817635226868,0.0018343219173389434,24,0.7316700476855389,0.7308269884342808,0.7291480056905,0.7305483472701066,0.0010483016836656208,0.7055061871937547,0.7165172855313701,0.704107505070994,0.7087103259320395,0.005549807297514425,24,0.7081575539868844,0.7118324697015117,0.7094263838333125,0.7098054691739027,0.0015240364494747873,0.8390123456790124,0.8256122750073768,0.8343515272909364,0.8329920493257753,0.005554374177440483,2,0.8413060738388249,0.826553953257086,0.8356002365464222,0.8344867545474445,0.006073776806132901,0.7664892177208337,0.7672059226761722,0.7637163679699317,0.7658038361223124,0.0015047832543049304,21,0.7690109541197016,0.7649156715215941,0.7673613468196321,0.7670959908203093,0.0016823882319236645,,,,,,1,,,,,
54.63487426439921,0.790426921453011,20.461778561274212,0.15915068614951344,5,sqrt,2,100,True,"{'max_depth': 5, 'max_features': 'sqrt', 'min_samples_split': 2, 'n_estimators': 100, 'store_probs': True}",0.7282786237420307,0.734917540439433,0.7350089577405416,0.7327350406406685,0.0031513836074105336,17,0.7330400189688332,0.7356218879258107,0.7346014015490806,0.7344211028145748,0.0010617258130042665,0.7079357106981417,0.7198630136986301,0.7123029472241261,0.7133672238736327,0.004927112258133838,21,0.710244680404583,0.7161738831910055,0.7168137837379053,0.714410782444498,0.002957439526878856,0.8352592592592593,0.8269892790400315,0.8326489734601903,0.831632503919827,0.003451864322504516,5,0.8397677649861056,0.8298856290402785,0.8323970037453183,0.8340167992572342,0.00419380144485239,0.7663449775723801,0.7697166659037854,0.7677887057302489,0.7679501164021381,0.0013812097607492522,17,0.7695945792309966,0.7688480409094051,0.7702936884348778,0.7695787695250931,0.0005902889981903845,,,,,,1,,,,,
54.03519113858541,0.3109374188858524,20.663513978322346,0.6288391222935669,5,sqrt,2,100,False,"{'max_depth': 5, 'max_features': 'sqrt', 'min_samples_split': 2, 'n_estimators': 100, 'store_probs': False}",0.726539859845092,0.7316507719057906,0.7311623985667615,0.7297843434392147,0.0023028435283314855,22,0.7319861949047607,0.7316173564823353,0.729358764950735,0.7309874387792771,0.0011614485998951108,0.7093763258379295,0.7185938307771842,0.7063646352801961,0.71144493063177,0.005202412899845165,22,0.7129625677579069,0.714273375080976,0.7090863558579239,0.7121074328989355,0.0022022312662916643,0.825679012345679,0.8203009737385659,0.8369554331497245,0.8276451397446566,0.006939836562976584,10,0.8289003572846367,0.8224266534062655,0.8372264931992903,0.8295178346300641,0.00605776488918078,0.7631218621633957,0.7660864373306389,0.7661349468280161,0.7651144154406836,0.0014090871075408604,22,0.7665725889722586,0.764544088755345,0.7678470543038576,0.766321244010487,0.0013600921711465627,,,,,,1,,,,,
34.2387318611145,1.4606140038981652,10.652695258458456,0.5462838924688628,5,sqrt,5,50,True,"{'max_depth': 5, 'max_features': 'sqrt', 'min_samples_split': 5, 'n_estimators': 50, 'store_probs': True}",0.7253806839137995,0.728858211707677,0.7339024133206871,0.7293804363140545,0.0034985241579541014,23,0.7305898780198646,0.7327502173512133,0.7351282996996681,0.7328227983569153,0.0018535135711613652,0.7035379898914574,0.7182474137181605,0.7061231308996743,0.7093028448364308,0.006412213495515009,23,0.7074485871927771,0.7171620325982742,0.7115114453350962,0.7120406883753825,0.0039831167911709,0.8386172839506173,0.8126290941280614,0.8465698547821733,0.8326054109536173,0.014493694517363301,3,0.8398670107185391,0.818299353555445,0.8486102897693673,0.8355922180144505,0.012738226015640546,0.7651617554293954,0.762528841716659,0.7699945345235927,0.7658950438898824,0.003091647483849323,19,0.7679916507850078,0.7643998513563731,0.7740369488020856,0.7688094836478222,0.003976602380438527,,,,,,1,,,,,
33.898241678873696,0.9445028295676396,10.18892232577006,0.6780248108347983,5,sqrt,5,50,False,"{'max_depth': 5, 'max_features': 'sqrt', 'min_samples_split': 5, 'n_estimators': 50, 'store_probs': False}",0.7314400126455556,0.7285420728173244,0.7335862577721572,0.7311894477450124,0.002066887763712813,20,0.7354901599178018,0.7295887451589957,0.733442225617788,0.7328403768981953,0.002446540475831132,0.7183428869202709,0.7145546333532985,0.725294816710851,0.7193974456614735,0.004447617732558055,17,0.7211336599020294,0.7117783704723393,0.7297651309846431,0.7208923871196706,0.007345045851836629,0.8168888888888889,0.8213829054785089,0.7945918878317476,0.8109545607330485,0.011714715664017598,24,0.8181818181818182,0.8227747389358528,0.7962251133451607,0.8123938901542772,0.011585788360184507,0.7644530708443089,0.7642536835361947,0.7583636016058115,0.7623567853287717,0.0028247803464629463,24,0.7665984749860517,0.7632622935695175,0.7615478883861236,0.7638028856472309,0.002097027435316983,,,,,,1,,,,,
50.07949368158976,7.221508130243256,20.800161759058636,0.8125436518491275,5,sqrt,5,100,True,"{'max_depth': 5, 'max_features': 'sqrt', 'min_samples_split': 5, 'n_estimators': 100, 'store_probs': True}",0.7268033089203857,0.7337056746930818,0.731531246706713,0.7306800767733934,0.0028814384146998505,21,0.7312221724583081,0.734620755064942,0.7309658043100269,0.732269577277759,0.0016658249001761326,0.7132987910189983,0.7235288974381394,0.7135744234800838,0.7168007039790738,0.004758881782545182,18,0.7168133879543276,0.720351262349067,0.7179176755447942,0.7183607752827296,0.0014779246353263907,0.8158024691358025,0.8139077407298121,0.8181271907861792,0.8159458002172646,0.0017255622356648493,23,0.8161969035331481,0.8158130283441074,0.8182534989158289,0.8167544769310281,0.0010714912422654206,0.7611149504722414,0.766061840399926,0.7622824616245976,0.7631530841655882,0.002111305709084249,23,0.7632836790570328,0.76511600792818,0.76480884385076,0.764402843611991,0.0008012425427298725,,,,,,1,,,,,
38.6635008653005,1.043324167825969,20.667739232381184,0.5399284947462293,5,sqrt,5,100,False,"{'max_depth': 5, 'max_features': 'sqrt', 'min_samples_split': 5, 'n_estimators': 100, 'store_probs': False}",0.7327045682069656,0.7309658043100269,0.7337970281378439,0.732489133551612,0.0011658376556065056,18,0.7366493663882815,0.7317754300919461,0.7309658043100269,0.7331302002634182,0.0025102816757588825,0.7136332882273342,0.7216043436377967,0.7139016564044749,0.7163797627565351,0.0036959608050101856,19,0.7163613123135918,0.7182485602497033,0.7160493827160493,0.7168864184264482,0.0009715615535317012,0.8333827160493827,0.8104652306481754,0.8244366549824738,0.8227615338933439,0.009430705426993006,22,0.8343092497022628,0.8124316260566882,0.8231815493790656,0.8233074750460055,0.008931946299642559,0.768873297188938,0.7634577967200964,0.7651979921918572,0.7658430287002972,0.0022574270611947227,20,0.7708495713172252,0.7624425414751382,0.7658872077028885,0.7663931068317505,0.003450747565177995,,,,,,1,,,,,
80.72581481933594,3.3570427616272087,20.135969638824463,0.5294602346192422,10,sqrt,2,50,True,"{'max_depth': 10, 'max_features': 'sqrt', 'min_samples_split': 2, 'n_estimators': 50, 'store_probs': True}",0.737657410822488,0.740608040465778,0.7387501317314785,0.7390051943399149,0.0012180165635524327,11,0.7475564454514319,0.744737466080038,0.743558670109068,0.7452841938801793,0.0016772468289011967,0.7203665638917437,0.7292759706190975,0.7213172492735758,0.7236532612614722,0.003994754566015446,9,0.7288473196501256,0.7285407254704154,0.7294419332406119,0.7289433261203843,0.0003741272448550986,0.830716049382716,0.8203009737385659,0.8204306459689534,0.823815889696745,0.004879436886278103,21,0.8352520841603811,0.825957235206365,0.8270747092450227,0.8294280095372563,0.004143434241348077,0.7716159809183065,0.7721149840299958,0.7676881266985287,0.7704730305489437,0.0019797336720564157,15,0.7784303750635897,0.7741965555011769,0.7751963048498846,0.7759410784715505,0.0018068984167008719,,,,,,1,,,,,
76.18467283248901,2.0607219273005697,20.114960352579754,0.2288958034797828,10,sqrt,2,50,False,"{'max_depth': 10, 'max_features': 'sqrt', 'min_samples_split': 2, 'n_estimators': 50, 'store_probs': False}",0.738921966383898,0.7405553506507192,0.7390135946885867,0.7394969705744012,0.0007493220162320307,8,0.7490581447427352,0.7463972389809521,0.7428210126982454,0.7460921321406442,0.0025554219055572112,0.721622085048011,0.729694208358889,0.7197763801537387,0.7236975578535462,0.004306701723407833,8,0.730350717475181,0.7313123290089136,0.7272138788192646,0.7296256417677863,0.0017499761094271935,0.8313086419753086,0.8191206845677191,0.8252378567851778,0.8252223944427352,0.004975724788432283,19,0.8359964271536324,0.8241173545499751,0.8304257835600236,0.8301798550878771,0.0048527278988763625,0.7725916746982422,0.7718257645968489,0.7689077590631269,0.7711083994527393,0.0015871921043463764,10,0.7796108193155789,0.7749462265033199,0.7754003313086693,0.7766524590425227,0.0021000753038019266,,,,,,1,,,,,
153.90672945976257,4.489165156255614,43.64985593159994,0.9919669762930274,10,sqrt,2,100,True,"{'max_depth': 10, 'max_features': 'sqrt', 'min_samples_split': 2, 'n_estimators': 100, 'store_probs': True}",0.7354444385900205,0.7401338321302492,0.7413320687111392,0.738970113143803,0.002540567983783367,12,0.7476091366546355,0.7454487973232868,0.7455081932662416,0.746188709081388,0.0010046866302952989,0.719281663516068,0.7277869637107302,0.7211571976298362,0.7227419416188782,0.0036486155350062325,10,0.7292281006071119,0.7287215411558668,0.7295336787564767,0.7291611068398184,0.00033492088043117875,0.8267654320987654,0.8225631946493558,0.828843264897346,0.8260572972151558,0.002612267449294039,16,0.8344581183009131,0.8276479363500746,0.8326434062684802,0.8315831536398227,0.0028795539328529173,0.7692873225198732,0.7722781420260412,0.7712594939657984,0.7709416528372376,0.0012415091802244343,12,0.7783023234286772,0.7750407450523865,0.7776857221761945,0.7770095968857528,0.0014147632151595719,,,,,,1,,,,,
151.24803535143533,3.210156777148311,41.91002813975016,1.0392787121806146,10,sqrt,2,100,False,"{'max_depth': 10, 'max_features': 'sqrt', 'min_samples_split': 2, 'n_estimators': 100, 'store_probs': False}",0.7360240265556668,0.7377101006375467,0.7405943724312362,0.7381094998748167,0.0018870886162962396,15,0.7453170693152779,0.7439207524303817,0.7448759154855367,0.7447045790770654,0.000582776306091457,0.718160880320737,0.7279676654072577,0.7187175941928794,0.7216153799736246,0.004497490430348775,13,0.7252416756176154,0.7291574768416409,0.7268799726238344,0.7270930416943635,0.0016057030917185878,0.8315061728395061,0.8148913150388511,0.8329494241362043,0.8264489706715205,0.008193708821158094,15,0.8376339817387852,0.8219791148682247,0.8374236152178198,0.8323455706082766,0.0073306942361610165,0.7706883925302087,0.768980879896046,0.7716287052929443,0.770432659239733,0.0010959910188220732,16,0.7773965505330785,0.7727910238429172,0.7782459354247767,0.7761445032669242,0.002396487966308166,,,,,,1,,,,,
75.54844466845195,0.46435316780571884,20.730206727981567,0.6292182285970723,10,sqrt,5,50,True,"{'max_depth': 10, 'max_features': 'sqrt', 'min_samples_split': 5, 'n_estimators': 50, 'store_probs': True}",0.735339058959903,0.7388692765688393,0.7403309094741279,0.7381797483342901,0.002095428321970197,14,0.7467133862001739,0.7443949732592143,0.7455872279888297,0.7455651958160726,0.0009466163262482182,0.7131873641985625,0.7248640718046087,0.7203869955547808,0.7194794771859839,0.004809994270374375,16,0.722508445945946,0.7260839343122774,0.7290742256494206,0.7258888686358813,0.002684014871074135,0.8428641975308642,0.8261040621618964,0.827741612418628,0.8322366240371295,0.0075445071181789464,4,0.8489976181024216,0.8310790651417206,0.8340232603981865,0.8380333145474429,0.00784555227549715,0.7726223348875108,0.772179828996966,0.770342063566036,0.7717147424835042,0.0009872988144893527,9,0.7806625296586969,0.7750417362270451,0.7780255143087002,0.7779099267314806,0.0022961344423952403,,,,,,1,,,,,
76.3835855325063,0.33087300771440986,20.114281336466473,0.5589557862806507,10,sqrt,5,50,False,"{'max_depth': 10, 'max_features': 'sqrt', 'min_samples_split': 5, 'n_estimators': 50, 'store_probs': False}",0.7346540913641393,0.7389746561989567,0.7433870797765834,0.7390052757798932,0.0035652933326748085,10,0.7463182021761466,0.7453961061200832,0.7454555034511828,0.7457232705824709,0.000421378461402262,0.7150342263162343,0.728941589811155,0.7240080581588859,0.7226612914287583,0.005756968259654102,11,0.7246871930648674,0.730575666607805,0.7292529330572809,0.7281719309099844,0.0025225588064917742,0.8356543209876544,0.8162683190715059,0.8278417626439659,0.8265881342343754,0.00796379121253303,14,0.842100039698293,0.8229239184485331,0.8331854918194362,0.8327364833220874,0.007835054265687064,0.7706530649421623,0.7701373422420194,0.7724511727875899,0.7710805266572572,0.0009917982277350913,11,0.7789942390231587,0.7740049576727001,0.7777624436470697,0.7769205467809761,0.002122078359904453,,,,,,1,,,,,
153.08541305859885,3.306236847291191,42.27393118540446,0.45855105251861955,10,sqrt,5,100,True,"{'max_depth': 10, 'max_features': 'sqrt', 'min_samples_split': 5, 'n_estimators': 100, 'store_probs': True}",0.7343906422888455,0.7409768691711892,0.7392770576456951,0.7382148563685765,0.002791749726278089,13,0.7469241510129884,0.7453434149168796,0.7449022603930661,0.7457232754409779,0.00086803645586219,0.7176742592909745,0.7284831607344878,0.71841123926806,0.7215228864311741,0.004930845002274489,14,0.7281301375789565,0.7289146063475364,0.7273584501307273,0.7281343980190734,0.0006353052580142624,0.8277530864197531,0.823350054096587,0.8296444667000501,0.82691586907213,0.002636994143721146,12,0.8351528384279476,0.8268523122824465,0.8362901636112754,0.8327651047738899,0.004206678295940834,0.7687932853277072,0.7730168990673192,0.7700316043874326,0.7706139295941529,0.0017727671853435406,13,0.7779780890306476,0.7748008014537999,0.7780299383352819,0.7769362762732431,0.0015101570814443465,,,,,,1,,,,,
154.5857097307841,4.9119043443490895,41.82291865348816,0.5681067733436919,10,sqrt,5,100,False,"{'max_depth': 10, 'max_features': 'sqrt', 'min_samples_split': 5, 'n_estimators': 100, 'store_probs': False}",0.7359186469255493,0.7402392117603667,0.741964379808199,0.7393740794980382,0.0025428411794131424,9,0.7481623942882736,0.7457912901441104,0.7442172927973023,0.7460569924098954,0.001621502330977544,0.7164507662348658,0.7298341086632143,0.7193859951707485,0.7218902900229428,0.005743522912443985,12,0.7264719716081584,0.7306115250650324,0.7261421428266165,0.727741879833269,0.002033608381411341,0.8357530864197531,0.8178420379659683,0.8354531797696545,0.829682768051792,0.008373555705262065,7,0.843092497022628,0.8240179015415217,0.8373250542085551,0.8348118175909015,0.007987378247969166,0.7715171407731582,0.7713358070500927,0.7730874380241879,0.7719801286158129,0.0007864778336299643,7,0.7804497117526815,0.7745086583627399,0.7777803208898858,0.7775795636684357,0.0024295756065628145,,,,,,1,,,,,
212.7158498764038,3.0198436415142695,30.006189743677776,0.9981126892634822,15,sqrt,2,50,True,"{'max_depth': 15, 'max_features': 'sqrt', 'min_samples_split': 2, 'n_estimators': 50, 'store_probs': True}",0.7346540913641393,0.7429790821434217,0.7354831910633365,0.7377054548569658,0.003744347753182218,16,0.7655241457438681,0.7702663540321943,0.7598398229622214,0.7652101075794279,0.0042624017106807615,0.719865203490884,0.7304173564520345,0.7110789898818127,0.7204538499415771,0.0079058199610162,15,0.7468843250833772,0.750197697917582,0.7351851851851852,0.7440890693953813,0.006439667455495324,0.8228148148148148,0.8245303432674339,0.8375563345017526,0.8283004975280005,0.006582231031671291,9,0.8445811830091307,0.8491297861760319,0.8608318549181944,0.851514274701119,0.006845213584138536,0.7679048760254401,0.7746257623359822,0.7691529476685367,0.7705611953433197,0.002918898118006965,14,0.7927340475081509,0.7966038440007464,0.7930627440297829,0.7941335451795601,0.0017519118224193467,,,,,,1,,,,,
208.40482139587402,2.019443490882958,28.44092671076457,1.2302032924254505,15,sqrt,2,50,False,"{'max_depth': 15, 'max_features': 'sqrt', 'min_samples_split': 2, 'n_estimators': 50, 'store_probs': False}",0.737446651562253,0.7437167395542441,0.7441774686479081,0.741780286588135,0.0030701099033097817,3,0.7722159285507284,0.7713728692994705,0.7684282628167975,0.7706723535556655,0.0016237086476104613,0.7197060331567253,0.7319975500918715,0.7267102704613753,0.7261379512366574,0.005034283074611692,2,0.7498914082182261,0.7524958035162117,0.7519936902988344,0.7514603006777575,0.0011281539738135415,0.8318024691358025,0.8228582669420674,0.8234351527290936,0.8260319629356546,0.004087155135892427,17,0.8566891623660182,0.8470909995027349,0.8457520205006899,0.8498440607898144,0.004870987434692001,0.7717047693223988,0.774773106130765,0.7720550260575614,0.772844300503575,0.0013713468575920346,5,0.7997405846111085,0.7969963507064658,0.7961219093565896,0.797619614891388,0.0015416541619468385,,,,,,1,,,,,
418.2461697260539,25.91790216550596,42.80861608187357,8.538527026498794,15,sqrt,2,100,True,"{'max_depth': 15, 'max_features': 'sqrt', 'min_samples_split': 2, 'n_estimators': 100, 'store_probs': True}",0.7391854154591917,0.7456135728963591,0.7439140056907999,0.7429043313487836,0.0027196671018033616,1,0.7719788181363122,0.7717943989250995,0.7691395753200906,0.7709709307938342,0.0012971506632548644,0.7217793777320648,0.7343105415606074,0.7233894167901666,0.7264931120276129,0.005566699190702624,1,0.7500543738309626,0.7536559425684658,0.7490172361657091,0.7509091841883792,0.0019878673384817656,0.8317037037037037,0.8228582669420674,0.8310465698547822,0.828536180166851,0.004023843947022112,8,0.8556470821754665,0.8456986573843859,0.8544746698206189,0.8519401364601572,0.004439270471028413,0.772852422907489,0.7760667903525046,0.7734899328859061,0.7741363820486332,0.001389595122781446,2,0.7993787812058135,0.7970287749554785,0.7982781243525702,0.7982285601712874,0.0009600259719414032,,,,,,1,,,,,
400.18507138888043,19.341500634013716,37.54088171323141,3.9417290431455916,15,sqrt,2,100,False,"{'max_depth': 15, 'max_features': 'sqrt', 'min_samples_split': 2, 'n_estimators': 100, 'store_probs': False}",0.7383423784182518,0.742504873807893,0.7421751501738856,0.7410074674666767,0.0018893039539703326,7,0.7717680533234976,0.7683958163184657,0.7689815058749144,0.7697151251722926,0.0014711998639751964,0.7202630005977286,0.7330920007063394,0.7248719307542837,0.7260756440194506,0.0053061288566611225,3,0.7494463502540275,0.7517235244406886,0.7523100503612875,0.7511599750186679,0.0012351479100024543,0.8330864197530864,0.8166617487951214,0.8219328993490236,0.823893689299077,0.006847188081761625,20,0.8564410480349345,0.84042764793635,0.8465897890794402,0.8478194950169082,0.006595017220034083,0.7725773951273127,0.7726236449076443,0.7703571596189046,0.7718527332179539,0.0010576987766451906,8,0.7993793566614946,0.7936045829126852,0.796670299348436,0.7965514129742054,0.002359039838573861,,,,,,1,,,,,
204.48131076494852,11.366706003424586,24.926685730616253,1.1697716864095145,15,sqrt,5,50,True,"{'max_depth': 15, 'max_features': 'sqrt', 'min_samples_split': 5, 'n_estimators': 50, 'store_probs': True}",0.7376047210074292,0.7430844617735392,0.7442301612393297,0.7416397813400994,0.002891301982693862,4,0.7723476565587375,0.7702926996337961,0.7702460614363243,0.7709621392096193,0.0009798937098469602,0.7195153170065706,0.7308262804292819,0.7257369115706115,0.7253595030021547,0.004625386564611785,4,0.7502500108700378,0.7508920311880534,0.7523223864974486,0.7511548095185132,0.0008662080287055987,0.8327901234567902,0.8238418412511065,0.8260390585878818,0.8275570077652595,0.0038075421544582493,11,0.8562425565700675,0.8476379910492292,0.8500887049083382,0.8513230841758784,0.00361961379916878,0.7720197765976927,0.7745515073053449,0.7726463700234192,0.773072551308819,0.0010766113381148142,4,0.7997497161131839,0.7963373899231506,0.7982230859998611,0.7981033973453986,0.0013956447822427386,,,,,,1,,,,,
204.6860428651174,5.688994009377673,23.573800086975098,4.060655244109416,15,sqrt,5,50,False,"{'max_depth': 15, 'max_features': 'sqrt', 'min_samples_split': 5, 'n_estimators': 50, 'store_probs': False}",0.7377101006375467,0.7454555034511828,0.745389398250606,0.7428516674464452,0.0036357369186232964,2,0.7715309429090813,0.772690149379561,0.7696928183782075,0.7713046368889499,0.0012340743073196152,0.7170814002530578,0.732404181184669,0.7241799356129818,0.7245551723502363,0.006261123745051738,6,0.7470942746448558,0.7524182201899402,0.7496541587411378,0.7497222178586446,0.0021740243902898773,0.839604938271605,0.8269892790400315,0.8335503254882324,0.8333815142666229,0.0051517044029591,1,0.8612048431917427,0.8509696668324217,0.8545732308298837,0.8555825802846826,0.0042390092016907546,0.7735213830755232,0.7768281979027117,0.7750256075984728,0.7751250628589026,0.0013518319883153236,1,0.8001014245539625,0.7986652354505998,0.7986827560795873,0.7991498053613831,0.000672934399414988,,,,,,1,,,,,
339.7304855982463,29.18432901917821,33.163156032562256,2.8038082399370357,15,sqrt,5,100,True,"{'max_depth': 15, 'max_features': 'sqrt', 'min_samples_split': 5, 'n_estimators': 100, 'store_probs': True}",0.7360240265556668,0.7442963275198904,0.7433343871851618,0.7412182470869063,0.00369380359496433,5,0.7705034644466107,0.7714255605026741,0.76874440170715,0.7702244755521449,0.001112213775653611,0.7176410518253765,0.7321334964179627,0.7221160528144545,0.7239635336859312,0.006059022294350203,7,0.7472874248908485,0.7517836695146657,0.7477620933034945,0.748944395903003,0.0020170000011410305,0.8328888888888889,0.8242352709747222,0.8325488232348522,0.8298909943661544,0.0040016093822827095,6,0.8578304882890035,0.8488314271506713,0.8562487679873841,0.854303561142353,0.003922894135314515,0.7709818979703785,0.7754592143617267,0.7734102432897614,0.7732837852072888,0.0018300426683597207,3,0.798752454660968,0.7973654708520179,0.7983367028119831,0.7981515427749897,0.0005811736407460192,,,,,,1,,,,,
306.0136676629384,29.13358160023028,33.135823011398315,3.56646357204396,15,sqrt,5,100,False,"{'max_depth': 15, 'max_features': 'sqrt', 'min_samples_split': 5, 'n_estimators': 100, 'store_probs': False}",0.7376047210074292,0.7419252858422467,0.7434924649594267,0.7410074906030343,0.002489731349217075,6,0.7707669204626287,0.7696867507969545,0.7686653669845619,0.7697063460813817,0.0008580674941100876,0.718992083085043,0.7325858568023307,0.7243314335817623,0.725303124489712,0.005592006699128628,5,0.7473966210085123,0.7530946655980052,0.7500760373669346,0.7501891079911506,0.0023275905654428237,0.8341728395061728,0.816169961640602,0.8273410115172759,0.8258946042213502,0.007420465996595525,18,0.8583267169511711,0.8410243659870711,0.850729351468559,0.8500268114689337,0.00708110203567818,0.7723116313094367,0.7721224527775193,0.7724170172978028,0.7722837004615862,0.00012186649347731277,6,0.7990299110751818,0.7946344672054125,0.7972383217493708,0.796967566676655,0.001804616844859159,,,,,,1,,,,,
